<?xml version="1.0" encoding="UTF-8"?>
<project xmlns="http://www.netbeans.org/ns/project/1">
    <type>com.microchip.mplab.nbide.embedded.makeproject</type>
    <configuration>
        <data xmlns="http://www.netbeans.org/ns/make-project/1">
            <name>pic18f16q20-i3c-multi-protocol-translator-modified</name>
            <creation-uuid>987096ff-20e9-4d7e-a7e0-a3cdd805e39a</creation-uuid>
            <make-project-type>0</make-project-type>
            <sourceEncoding>ISO-8859-1</sourceEncoding>
            <make-dep-projects/>
            <sourceRootList/>
            <confList>
                <confElem>
                    <name>free</name>
                    <type>2</type>
                </confElem>
                <confElem>
                    <name>pro</name>
                    <type>2</type>
                </confElem>
            </confList>
            <formatting>
                <project-formatting-style>false</project-formatting-style>
            </formatting>
        </data>
    </configuration>
</project>
